<?xml version="1.0" encoding="UTF-8" standalone="yes"?>
<courseStructure xmlns="https://w3id.org/xapi/profiles/cmi5/v1/CourseStructure.xsd">
  <course id="http://id.tincanapi.com/activity/software/cmi5-AU-Simulator/1.4.0/Simple">
    <title>
      <langstring lang="en">Automation cmi5 Course</langstring>
    </title>
    <description>
      <langstring lang="en">A simple, single AU course file for enabling import and launch of the Rustici Software AU Simulator.</langstring>
    </description>
  </course>
  <au id="http://id.tincanapi.com/activity/software/cmi5-AU-Simulator/1.4.0/Simple/AU" launchMethod="AnyWindow" moveOn="CompletedAndPassed" activityType="http://adlnet.gov/expapi/activities/simulation">
    <title>
      <langstring lang="en">cmi5: AU Simulator (1.4.0) - Simple - AU</langstring>
    </title>
    <description>
      <langstring lang="en">AU inside a simple course structure.</langstring>
    </description>
    <url>index.html</url>
    <launchParameters>
            {"someKey": "someValue", "someOtherKey": false}
        </launchParameters>
    <entitlementKey>
            any-one-can-access-me
        </entitlementKey>
  </au>
</courseStructure>