<?xml version="1.0" standalone="no" ?>
<!--
Single SCO with basic runtime calls. SCORM 1.2.

Provided by Rustici Software - http://www.scorm.com

This example demonstrates the use of basic runtime calls in a multi-page SCO. It
includes a demonstration of bookmarking, status reporting (completion and success), 
score and time. It also includes the addition of a basic "controller" for providing
intra-SCO navigation.
-->

<manifest identifier="com.scorm.golfsamples.runtime.basicruntime.12" version="1"
         xmlns="http://www.imsproject.org/xsd/imscp_rootv1p1p2"
         xmlns:adlcp="http://www.adlnet.org/xsd/adlcp_rootv1p2"
         xmlns:xsi="http://www.w3.org/2001/XMLSchema-instance"
         xsi:schemaLocation="http://www.imsproject.org/xsd/imscp_rootv1p1p2 imscp_rootv1p1p2.xsd
                             http://www.imsglobal.org/xsd/imsmd_rootv1p2p1 imsmd_rootv1p2p1.xsd
                             http://www.adlnet.org/xsd/adlcp_rootv1p2 adlcp_rootv1p2.xsd">

  <metadata>
    <schema>ADL SCORM</schema>
    <schemaversion>1.2</schemaversion>
  </metadata>
	<organizations default="golf_sample_default_org">
		<organization identifier="golf_sample_default_org">
			<title>Automation SCORM 1.2 Course</title>
			<item identifier="item_1" identifierref="resource_1">
				<title>Automation - Golf Explained</title>
			</item>
		</organization>
	</organizations>
	<resources>
		<resource identifier="resource_1" type="webcontent" adlcp:scormtype="sco" href="shared/launchpage.html">
      <file href="Etiquette/Course.html"/>
      <file href="Etiquette/course.jpg"/>
      <file href="Etiquette/Distracting.html"/>
      <file href="Etiquette/distracting.jpg"/>
      <file href="Etiquette/Play.html"/>
      <file href="Etiquette/play.jpg"/>
      <file href="Etiquette/questions.js"/>
      <file href="Handicapping/calchandi.jpg"/>
      <file href="Handicapping/calcscore.jpg"/>
      <file href="Handicapping/CalculatingHandicap.html"/>
      <file href="Handicapping/CalculatingScore.html"/>
      <file href="Handicapping/Example.html"/>
      <file href="Handicapping/example.jpg"/>
      <file href="Handicapping/Overview.html"/>
      <file href="Handicapping/overview.jpg"/>
      <file href="Handicapping/questions.js"/>
      <file href="HavingFun/friends.jpg"/>
      <file href="HavingFun/fun.jpg"/>
      <file href="HavingFun/HowToHaveFun.html"/>
      <file href="HavingFun/MakeFriends.html"/>
      <file href="HavingFun/questions.js"/>
      <file href="Playing/otherscoreing.jpg"/>
      <file href="Playing/OtherScoring.html"/>
      <file href="Playing/Par.html"/>
      <file href="Playing/par.jpg"/>
      <file href="Playing/Playing.html"/>
      <file href="Playing/playing.jpg"/>
      <file href="Playing/questions.js"/>
      <file href="Playing/rules.jpg"/>
      <file href="Playing/RulesOfGolf.html"/>
      <file href="Playing/Scoring.html"/>
      <file href="Playing/scoring.jpg"/>
      <file href="shared/assessmenttemplate.html"/>
      <file href="shared/background.jpg"/>
      <file href="shared/cclicense.png"/>
      <file href="shared/contentfunctions.js"/>
      <file href="shared/launchpage.html"/>
      <file href="shared/scormfunctions.js"/>
      <file href="shared/style.css"/>
		</resource>
	</resources>
</manifest>
