<?xml version="1.0" ?>
<!-- An example of course level metadata using every possible metadata element.-->
<lom xmlns="http://ltsc.ieee.org/xsd/LOM" xmlns:xsi="http://www.w3.org/2001/XMLSchema-instance" xsi:schemaLocation="http://ltsc.ieee.org/xsd/LOM lom.xsd">
  <general>

    <description>
      <string language="en-US">Automation Description of this automated course.</string>
    </description>
    
  </general>
  
  <technical>

    <duration>
      <duration>PT10M30S</duration>
      <description>
        <string language="en-us">This field isn't really applicable to the course as a whole, it is meant more for media assets. Here we say that it takes about 10 minutes to complete.</string>
      </description>
    </duration>
    
  </technical>

</lom>
